C:\Users\cmtech\Documents\PythonScripts\Patient_0\imgs\0.png,2019-03-06 19:31:01.561000
C:\Users\cmtech\Documents\PythonScripts\Patient_0\imgs\1.png,2019-03-06 19:31:01.569000
C:\Users\cmtech\Documents\PythonScripts\Patient_0\imgs\2.png,2019-03-06 19:31:01.578000
C:\Users\cmtech\Documents\PythonScripts\Patient_0\imgs\3.png,2019-03-06 19:31:01.586000
C:\Users\cmtech\Documents\PythonScripts\Patient_0\imgs\4.png,2019-03-06 19:31:01.594000
C:\Users\cmtech\Documents\PythonScripts\Patient_0\imgs\5.png,2019-03-06 19:31:01.610000
C:\Users\cmtech\Documents\PythonScripts\Patient_0\imgs\6.png,2019-03-06 19:31:01.619000
C:\Users\cmtech\Documents\PythonScripts\Patient_0\imgs\7.png,2019-03-06 19:31:01.619000
C:\Users\cmtech\Documents\PythonScripts\Patient_0\imgs\8.png,2019-03-06 19:31:01.626000
C:\Users\cmtech\Documents\PythonScripts\Patient_0\imgs\9.png,2019-03-06 19:31:01.626000
C:\Users\cmtech\Documents\PythonScripts\Patient_0\imgs\10.png,2019-03-06 19:31:01.643000
C:\Users\cmtech\Documents\PythonScripts\Patient_0\imgs\11.png,2019-03-06 19:31:01.650000
C:\Users\cmtech\Documents\PythonScripts\Patient_0\imgs\12.png,2019-03-06 19:31:01.658000
C:\Users\cmtech\Documents\PythonScripts\Patient_0\imgs\13.png,2019-03-06 19:31:01.666000
C:\Users\cmtech\Documents\PythonScripts\Patient_0\imgs\14.png,2019-03-06 19:31:01.675000
C:\Users\cmtech\Documents\PythonScripts\Patient_0\imgs\15.png,2019-03-06 19:31:01.682000
C:\Users\cmtech\Documents\PythonScripts\Patient_0\imgs\16.png,2019-03-06 19:31:01.690000
C:\Users\cmtech\Documents\PythonScripts\Patient_0\imgs\17.png,2019-03-06 19:31:01.690000
C:\Users\cmtech\Documents\PythonScripts\Patient_0\imgs\18.png,2019-03-06 19:31:01.707000
C:\Users\cmtech\Documents\PythonScripts\Patient_0\imgs\19.png,2019-03-06 19:31:01.715000
C:\Users\cmtech\Documents\PythonScripts\Patient_0\imgs\20.png,2019-03-06 19:31:01.723000
C:\Users\cmtech\Documents\PythonScripts\Patient_0\imgs\21.png,2019-03-06 19:31:01.731000
C:\Users\cmtech\Documents\PythonScripts\Patient_0\imgs\22.png,2019-03-06 19:31:01.740000
C:\Users\cmtech\Documents\PythonScripts\Patient_0\imgs\23.png,2019-03-06 19:31:01.747000
C:\Users\cmtech\Documents\PythonScripts\Patient_0\imgs\24.png,2019-03-06 19:31:01.755000
C:\Users\cmtech\Documents\PythonScripts\Patient_0\imgs\25.png,2019-03-06 19:31:01.763000
C:\Users\cmtech\Documents\PythonScripts\Patient_0\imgs\26.png,2019-03-06 19:31:01.772000
C:\Users\cmtech\Documents\PythonScripts\Patient_0\imgs\27.png,2019-03-06 19:31:01.780000
C:\Users\cmtech\Documents\PythonScripts\Patient_0\imgs\28.png,2019-03-06 19:31:01.788000
C:\Users\cmtech\Documents\PythonScripts\Patient_0\imgs\29.png,2019-03-06 19:31:01.788000
C:\Users\cmtech\Documents\PythonScripts\Patient_0\imgs\30.png,2019-03-06 19:31:01.795000
C:\Users\cmtech\Documents\PythonScripts\Patient_0\imgs\31.png,2019-03-06 19:31:01.820000
C:\Users\cmtech\Documents\PythonScripts\Patient_0\imgs\32.png,2019-03-06 19:31:01.820000
C:\Users\cmtech\Documents\PythonScripts\Patient_0\imgs\33.png,2019-03-06 19:31:01.828000
C:\Users\cmtech\Documents\PythonScripts\Patient_0\imgs\34.png,2019-03-06 19:31:01.836000
C:\Users\cmtech\Documents\PythonScripts\Patient_0\imgs\35.png,2019-03-06 19:31:01.836000
C:\Users\cmtech\Documents\PythonScripts\Patient_0\imgs\36.png,2019-03-06 19:31:01.852000
C:\Users\cmtech\Documents\PythonScripts\Patient_0\imgs\37.png,2019-03-06 19:31:01.852000
C:\Users\cmtech\Documents\PythonScripts\Patient_0\imgs\38.png,2019-03-06 19:31:01.868000
C:\Users\cmtech\Documents\PythonScripts\Patient_0\imgs\39.png,2019-03-06 19:31:01.876000
C:\Users\cmtech\Documents\PythonScripts\Patient_0\imgs\40.png,2019-03-06 19:31:01.884000
C:\Users\cmtech\Documents\PythonScripts\Patient_0\imgs\41.png,2019-03-06 19:31:01.892000
C:\Users\cmtech\Documents\PythonScripts\Patient_0\imgs\42.png,2019-03-06 19:31:01.892000
C:\Users\cmtech\Documents\PythonScripts\Patient_0\imgs\43.png,2019-03-06 19:31:01.908000
C:\Users\cmtech\Documents\PythonScripts\Patient_0\imgs\44.png,2019-03-06 19:31:01.908000
C:\Users\cmtech\Documents\PythonScripts\Patient_0\imgs\45.png,2019-03-06 19:31:01.923000
C:\Users\cmtech\Documents\PythonScripts\Patient_0\imgs\46.png,2019-03-06 19:31:01.923000
C:\Users\cmtech\Documents\PythonScripts\Patient_0\imgs\47.png,2019-03-06 19:31:01.932000
C:\Users\cmtech\Documents\PythonScripts\Patient_0\imgs\48.png,2019-03-06 19:31:01.948000
C:\Users\cmtech\Documents\PythonScripts\Patient_0\imgs\49.png,2019-03-06 19:31:01.956000
C:\Users\cmtech\Documents\PythonScripts\Patient_0\imgs\50.png,2019-03-06 19:31:01.964000
C:\Users\cmtech\Documents\PythonScripts\Patient_0\imgs\51.png,2019-03-06 19:31:01.973000
C:\Users\cmtech\Documents\PythonScripts\Patient_0\imgs\52.png,2019-03-06 19:31:01.973000
C:\Users\cmtech\Documents\PythonScripts\Patient_0\imgs\53.png,2019-03-06 19:31:01.989000
C:\Users\cmtech\Documents\PythonScripts\Patient_0\imgs\54.png,2019-03-06 19:31:01.996000
C:\Users\cmtech\Documents\PythonScripts\Patient_0\imgs\55.png,2019-03-06 19:31:02.005000
C:\Users\cmtech\Documents\PythonScripts\Patient_0\imgs\56.png,2019-03-06 19:31:02.013000
C:\Users\cmtech\Documents\PythonScripts\Patient_0\imgs\57.png,2019-03-06 19:31:02.013000
C:\Users\cmtech\Documents\PythonScripts\Patient_0\imgs\58.png,2019-03-06 19:31:02.029000
C:\Users\cmtech\Documents\PythonScripts\Patient_0\imgs\59.png,2019-03-06 19:31:02.037000
C:\Users\cmtech\Documents\PythonScripts\Patient_0\imgs\60.png,2019-03-06 19:31:02.044000
C:\Users\cmtech\Documents\PythonScripts\Patient_0\imgs\61.png,2019-03-06 19:31:02.053000
C:\Users\cmtech\Documents\PythonScripts\Patient_0\imgs\62.png,2019-03-06 19:31:02.053000
C:\Users\cmtech\Documents\PythonScripts\Patient_0\imgs\63.png,2019-03-06 19:31:02.069000
C:\Users\cmtech\Documents\PythonScripts\Patient_0\imgs\64.png,2019-03-06 19:31:02.069000
C:\Users\cmtech\Documents\PythonScripts\Patient_0\imgs\65.png,2019-03-06 19:31:02.086000
C:\Users\cmtech\Documents\PythonScripts\Patient_0\imgs\66.png,2019-03-06 19:31:02.093000
C:\Users\cmtech\Documents\PythonScripts\Patient_0\imgs\67.png,2019-03-06 19:31:02.093000
C:\Users\cmtech\Documents\PythonScripts\Patient_0\imgs\68.png,2019-03-06 19:31:02.110000
C:\Users\cmtech\Documents\PythonScripts\Patient_0\imgs\69.png,2019-03-06 19:31:02.110000
C:\Users\cmtech\Documents\PythonScripts\Patient_0\imgs\70.png,2019-03-06 19:31:02.125000
C:\Users\cmtech\Documents\PythonScripts\Patient_0\imgs\71.png,2019-03-06 19:31:02.133000
C:\Users\cmtech\Documents\PythonScripts\Patient_0\imgs\72.png,2019-03-06 19:31:02.133000
C:\Users\cmtech\Documents\PythonScripts\Patient_0\imgs\73.png,2019-03-06 19:31:02.141000
C:\Users\cmtech\Documents\PythonScripts\Patient_0\imgs\74.png,2019-03-06 19:31:02.159000
C:\Users\cmtech\Documents\PythonScripts\Patient_0\imgs\75.png,2019-03-06 19:31:02.167000
C:\Users\cmtech\Documents\PythonScripts\Patient_0\imgs\76.png,2019-03-06 19:31:02.167000
C:\Users\cmtech\Documents\PythonScripts\Patient_0\imgs\77.png,2019-03-06 19:31:02.174000
C:\Users\cmtech\Documents\PythonScripts\Patient_0\imgs\78.png,2019-03-06 19:31:02.191000
C:\Users\cmtech\Documents\PythonScripts\Patient_0\imgs\79.png,2019-03-06 19:31:02.191000
C:\Users\cmtech\Documents\PythonScripts\Patient_0\imgs\80.png,2019-03-06 19:31:02.198000
C:\Users\cmtech\Documents\PythonScripts\Patient_0\imgs\81.png,2019-03-06 19:31:02.207000
C:\Users\cmtech\Documents\PythonScripts\Patient_0\imgs\82.png,2019-03-06 19:31:02.222000
C:\Users\cmtech\Documents\PythonScripts\Patient_0\imgs\83.png,2019-03-06 19:31:02.229000
C:\Users\cmtech\Documents\PythonScripts\Patient_0\imgs\84.png,2019-03-06 19:31:02.237000
C:\Users\cmtech\Documents\PythonScripts\Patient_0\imgs\85.png,2019-03-06 19:31:02.237000
C:\Users\cmtech\Documents\PythonScripts\Patient_0\imgs\86.png,2019-03-06 19:31:02.255000
C:\Users\cmtech\Documents\PythonScripts\Patient_0\imgs\87.png,2019-03-06 19:31:02.261000
C:\Users\cmtech\Documents\PythonScripts\Patient_0\imgs\88.png,2019-03-06 19:31:02.261000
C:\Users\cmtech\Documents\PythonScripts\Patient_0\imgs\89.png,2019-03-06 19:31:02.270000
C:\Users\cmtech\Documents\PythonScripts\Patient_0\imgs\90.png,2019-03-06 19:31:02.287000
C:\Users\cmtech\Documents\PythonScripts\Patient_0\imgs\91.png,2019-03-06 19:31:02.287000
C:\Users\cmtech\Documents\PythonScripts\Patient_0\imgs\92.png,2019-03-06 19:31:02.294000
C:\Users\cmtech\Documents\PythonScripts\Patient_0\imgs\93.png,2019-03-06 19:31:02.302000
C:\Users\cmtech\Documents\PythonScripts\Patient_0\imgs\94.png,2019-03-06 19:31:02.319000
C:\Users\cmtech\Documents\PythonScripts\Patient_0\imgs\95.png,2019-03-06 19:31:02.327000
C:\Users\cmtech\Documents\PythonScripts\Patient_0\imgs\96.png,2019-03-06 19:31:02.334000
C:\Users\cmtech\Documents\PythonScripts\Patient_0\imgs\97.png,2019-03-06 19:31:02.334000
C:\Users\cmtech\Documents\PythonScripts\Patient_0\imgs\98.png,2019-03-06 19:31:02.343000
C:\Users\cmtech\Documents\PythonScripts\Patient_0\imgs\99.png,2019-03-06 19:31:02.351000
C:\Users\cmtech\Documents\PythonScripts\Patient_0\imgs\100.png,2019-03-06 19:31:02.359000
C:\Users\cmtech\Documents\PythonScripts\Patient_0\imgs\101.png,2019-03-06 19:31:02.375000
C:\Users\cmtech\Documents\PythonScripts\Patient_0\imgs\102.png,2019-03-06 19:31:02.375000
C:\Users\cmtech\Documents\PythonScripts\Patient_0\imgs\103.png,2019-03-06 19:31:02.391000
C:\Users\cmtech\Documents\PythonScripts\Patient_0\imgs\104.png,2019-03-06 19:31:02.391000
C:\Users\cmtech\Documents\PythonScripts\Patient_0\imgs\105.png,2019-03-06 19:31:02.399000
C:\Users\cmtech\Documents\PythonScripts\Patient_0\imgs\106.png,2019-03-06 19:31:02.407000
C:\Users\cmtech\Documents\PythonScripts\Patient_0\imgs\107.png,2019-03-06 19:31:02.415000
C:\Users\cmtech\Documents\PythonScripts\Patient_0\imgs\108.png,2019-03-06 19:31:02.431000
C:\Users\cmtech\Documents\PythonScripts\Patient_0\imgs\109.png,2019-03-06 19:31:02.431000
C:\Users\cmtech\Documents\PythonScripts\Patient_0\imgs\110.png,2019-03-06 19:31:02.440000
C:\Users\cmtech\Documents\PythonScripts\Patient_0\imgs\111.png,2019-03-06 19:31:02.456000
C:\Users\cmtech\Documents\PythonScripts\Patient_0\imgs\112.png,2019-03-06 19:31:02.464000
C:\Users\cmtech\Documents\PythonScripts\Patient_0\imgs\113.png,2019-03-06 19:31:02.472000
C:\Users\cmtech\Documents\PythonScripts\Patient_0\imgs\114.png,2019-03-06 19:31:02.472000
C:\Users\cmtech\Documents\PythonScripts\Patient_0\imgs\115.png,2019-03-06 19:31:02.480000
C:\Users\cmtech\Documents\PythonScripts\Patient_0\imgs\116.png,2019-03-06 19:31:02.496000
C:\Users\cmtech\Documents\PythonScripts\Patient_0\imgs\117.png,2019-03-06 19:31:02.496000
C:\Users\cmtech\Documents\PythonScripts\Patient_0\imgs\118.png,2019-03-06 19:31:02.504000
C:\Users\cmtech\Documents\PythonScripts\Patient_0\imgs\119.png,2019-03-06 19:31:02.512000
C:\Users\cmtech\Documents\PythonScripts\Patient_0\imgs\120.png,2019-03-06 19:31:02.528000
C:\Users\cmtech\Documents\PythonScripts\Patient_0\imgs\121.png,2019-03-06 19:31:02.537000
C:\Users\cmtech\Documents\PythonScripts\Patient_0\imgs\122.png,2019-03-06 19:31:02.545000
C:\Users\cmtech\Documents\PythonScripts\Patient_0\imgs\123.png,2019-03-06 19:31:02.554000
C:\Users\cmtech\Documents\PythonScripts\Patient_0\imgs\124.png,2019-03-06 19:31:02.562000
C:\Users\cmtech\Documents\PythonScripts\Patient_0\imgs\125.png,2019-03-06 19:31:02.578000
C:\Users\cmtech\Documents\PythonScripts\Patient_0\imgs\126.png,2019-03-06 19:31:02.584000
C:\Users\cmtech\Documents\PythonScripts\Patient_0\imgs\127.png,2019-03-06 19:31:02.584000
C:\Users\cmtech\Documents\PythonScripts\Patient_0\imgs\128.png,2019-03-06 19:31:02.593000
C:\Users\cmtech\Documents\PythonScripts\Patient_0\imgs\129.png,2019-03-06 19:31:02.601000
C:\Users\cmtech\Documents\PythonScripts\Patient_0\imgs\130.png,2019-03-06 19:31:02.609000
C:\Users\cmtech\Documents\PythonScripts\Patient_0\imgs\131.png,2019-03-06 19:31:02.617000
C:\Users\cmtech\Documents\PythonScripts\Patient_0\imgs\132.png,2019-03-06 19:31:02.617000
C:\Users\cmtech\Documents\PythonScripts\Patient_0\imgs\133.png,2019-03-06 19:31:02.633000
C:\Users\cmtech\Documents\PythonScripts\Patient_0\imgs\134.png,2019-03-06 19:31:02.641000
C:\Users\cmtech\Documents\PythonScripts\Patient_0\imgs\135.png,2019-03-06 19:31:02.648000
C:\Users\cmtech\Documents\PythonScripts\Patient_0\imgs\136.png,2019-03-06 19:31:02.648000
C:\Users\cmtech\Documents\PythonScripts\Patient_0\imgs\137.png,2019-03-06 19:31:02.658000
C:\Users\cmtech\Documents\PythonScripts\Patient_0\imgs\138.png,2019-03-06 19:31:02.665000
C:\Users\cmtech\Documents\PythonScripts\Patient_0\imgs\139.png,2019-03-06 19:31:02.673000
C:\Users\cmtech\Documents\PythonScripts\Patient_0\imgs\140.png,2019-03-06 19:31:02.690000
C:\Users\cmtech\Documents\PythonScripts\Patient_0\imgs\141.png,2019-03-06 19:31:02.690000
C:\Users\cmtech\Documents\PythonScripts\Patient_0\imgs\142.png,2019-03-06 19:31:02.697000
C:\Users\cmtech\Documents\PythonScripts\Patient_0\imgs\143.png,2019-03-06 19:31:02.706000
C:\Users\cmtech\Documents\PythonScripts\Patient_0\imgs\144.png,2019-03-06 19:31:02.713000
C:\Users\cmtech\Documents\PythonScripts\Patient_0\imgs\145.png,2019-03-06 19:31:02.729000
C:\Users\cmtech\Documents\PythonScripts\Patient_0\imgs\146.png,2019-03-06 19:31:02.739000
C:\Users\cmtech\Documents\PythonScripts\Patient_0\imgs\147.png,2019-03-06 19:31:02.739000
C:\Users\cmtech\Documents\PythonScripts\Patient_0\imgs\148.png,2019-03-06 19:31:02.754000
C:\Users\cmtech\Documents\PythonScripts\Patient_0\imgs\149.png,2019-03-06 19:31:02.762000
C:\Users\cmtech\Documents\PythonScripts\Patient_0\imgs\150.png,2019-03-06 19:31:02.770000
C:\Users\cmtech\Documents\PythonScripts\Patient_0\imgs\151.png,2019-03-06 19:31:02.778000
C:\Users\cmtech\Documents\PythonScripts\Patient_0\imgs\152.png,2019-03-06 19:31:02.778000
C:\Users\cmtech\Documents\PythonScripts\Patient_0\imgs\153.png,2019-03-06 19:31:02.794000
C:\Users\cmtech\Documents\PythonScripts\Patient_0\imgs\154.png,2019-03-06 19:31:02.794000
C:\Users\cmtech\Documents\PythonScripts\Patient_0\imgs\155.png,2019-03-06 19:31:02.803000
C:\Users\cmtech\Documents\PythonScripts\Patient_0\imgs\156.png,2019-03-06 19:31:02.810000
C:\Users\cmtech\Documents\PythonScripts\Patient_0\imgs\157.png,2019-03-06 19:31:02.819000
C:\Users\cmtech\Documents\PythonScripts\Patient_0\imgs\158.png,2019-03-06 19:31:02.834000
C:\Users\cmtech\Documents\PythonScripts\Patient_0\imgs\159.png,2019-03-06 19:31:02.843000
C:\Users\cmtech\Documents\PythonScripts\Patient_0\imgs\160.png,2019-03-06 19:31:02.851000
C:\Users\cmtech\Documents\PythonScripts\Patient_0\imgs\161.png,2019-03-06 19:31:02.859000
C:\Users\cmtech\Documents\PythonScripts\Patient_0\imgs\162.png,2019-03-06 19:31:02.859000
C:\Users\cmtech\Documents\PythonScripts\Patient_0\imgs\163.png,2019-03-06 19:31:02.866000
C:\Users\cmtech\Documents\PythonScripts\Patient_0\imgs\164.png,2019-03-06 19:31:02.876000
C:\Users\cmtech\Documents\PythonScripts\Patient_0\imgs\165.png,2019-03-06 19:31:02.883000
C:\Users\cmtech\Documents\PythonScripts\Patient_0\imgs\166.png,2019-03-06 19:31:02.898000
C:\Users\cmtech\Documents\PythonScripts\Patient_0\imgs\167.png,2019-03-06 19:31:02.898000
C:\Users\cmtech\Documents\PythonScripts\Patient_0\imgs\168.png,2019-03-06 19:31:02.915000
C:\Users\cmtech\Documents\PythonScripts\Patient_0\imgs\169.png,2019-03-06 19:31:02.915000
C:\Users\cmtech\Documents\PythonScripts\Patient_0\imgs\170.png,2019-03-06 19:31:02.924000
C:\Users\cmtech\Documents\PythonScripts\Patient_0\imgs\171.png,2019-03-06 19:31:02.932000
C:\Users\cmtech\Documents\PythonScripts\Patient_0\imgs\172.png,2019-03-06 19:31:02.939000
C:\Users\cmtech\Documents\PythonScripts\Patient_0\imgs\173.png,2019-03-06 19:31:02.948000
C:\Users\cmtech\Documents\PythonScripts\Patient_0\imgs\174.png,2019-03-06 19:31:02.956000
C:\Users\cmtech\Documents\PythonScripts\Patient_0\imgs\175.png,2019-03-06 19:31:02.962000
C:\Users\cmtech\Documents\PythonScripts\Patient_0\imgs\176.png,2019-03-06 19:31:02.972000
C:\Users\cmtech\Documents\PythonScripts\Patient_0\imgs\177.png,2019-03-06 19:31:02.979000
C:\Users\cmtech\Documents\PythonScripts\Patient_0\imgs\178.png,2019-03-06 19:31:02.988000
C:\Users\cmtech\Documents\PythonScripts\Patient_0\imgs\179.png,2019-03-06 19:31:02.995000
C:\Users\cmtech\Documents\PythonScripts\Patient_0\imgs\180.png,2019-03-06 19:31:03.003000
C:\Users\cmtech\Documents\PythonScripts\Patient_0\imgs\181.png,2019-03-06 19:31:03.010000
C:\Users\cmtech\Documents\PythonScripts\Patient_0\imgs\182.png,2019-03-06 19:31:03.019000
C:\Users\cmtech\Documents\PythonScripts\Patient_0\imgs\183.png,2019-03-06 19:31:03.028000
C:\Users\cmtech\Documents\PythonScripts\Patient_0\imgs\184.png,2019-03-06 19:31:03.028000
C:\Users\cmtech\Documents\PythonScripts\Patient_0\imgs\185.png,2019-03-06 19:31:03.043000
C:\Users\cmtech\Documents\PythonScripts\Patient_0\imgs\186.png,2019-03-06 19:31:03.051000
C:\Users\cmtech\Documents\PythonScripts\Patient_0\imgs\187.png,2019-03-06 19:31:03.060000
C:\Users\cmtech\Documents\PythonScripts\Patient_0\imgs\188.png,2019-03-06 19:31:03.068000
C:\Users\cmtech\Documents\PythonScripts\Patient_0\imgs\189.png,2019-03-06 19:31:03.068000
C:\Users\cmtech\Documents\PythonScripts\Patient_0\imgs\190.png,2019-03-06 19:31:03.092000
C:\Users\cmtech\Documents\PythonScripts\Patient_0\imgs\191.png,2019-03-06 19:31:03.099000
C:\Users\cmtech\Documents\PythonScripts\Patient_0\imgs\192.png,2019-03-06 19:31:03.099000
C:\Users\cmtech\Documents\PythonScripts\Patient_0\imgs\193.png,2019-03-06 19:31:03.108000
C:\Users\cmtech\Documents\PythonScripts\Patient_0\imgs\194.png,2019-03-06 19:31:03.116000
C:\Users\cmtech\Documents\PythonScripts\Patient_0\imgs\195.png,2019-03-06 19:31:03.125000
C:\Users\cmtech\Documents\PythonScripts\Patient_0\imgs\196.png,2019-03-06 19:31:03.132000
C:\Users\cmtech\Documents\PythonScripts\Patient_0\imgs\197.png,2019-03-06 19:31:03.140000
C:\Users\cmtech\Documents\PythonScripts\Patient_0\imgs\198.png,2019-03-06 19:31:03.148000
C:\Users\cmtech\Documents\PythonScripts\Patient_0\imgs\199.png,2019-03-06 19:31:03.157000
C:\Users\cmtech\Documents\PythonScripts\Patient_0\imgs\200.png,2019-03-06 19:31:03.164000
C:\Users\cmtech\Documents\PythonScripts\Patient_0\imgs\201.png,2019-03-06 19:31:03.172000
C:\Users\cmtech\Documents\PythonScripts\Patient_0\imgs\202.png,2019-03-06 19:31:03.172000
C:\Users\cmtech\Documents\PythonScripts\Patient_0\imgs\203.png,2019-03-06 19:31:03.196000
C:\Users\cmtech\Documents\PythonScripts\Patient_0\imgs\204.png,2019-03-06 19:31:03.196000
C:\Users\cmtech\Documents\PythonScripts\Patient_0\imgs\205.png,2019-03-06 19:31:03.205000
C:\Users\cmtech\Documents\PythonScripts\Patient_0\imgs\206.png,2019-03-06 19:31:03.213000
C:\Users\cmtech\Documents\PythonScripts\Patient_0\imgs\207.png,2019-03-06 19:31:03.221000
C:\Users\cmtech\Documents\PythonScripts\Patient_0\imgs\208.png,2019-03-06 19:31:03.230000
C:\Users\cmtech\Documents\PythonScripts\Patient_0\imgs\209.png,2019-03-06 19:31:03.230000
C:\Users\cmtech\Documents\PythonScripts\Patient_0\imgs\210.png,2019-03-06 19:31:03.254000
C:\Users\cmtech\Documents\PythonScripts\Patient_0\imgs\211.png,2019-03-06 19:31:03.254000
C:\Users\cmtech\Documents\PythonScripts\Patient_0\imgs\212.png,2019-03-06 19:31:03.254000
C:\Users\cmtech\Documents\PythonScripts\Patient_0\imgs\213.png,2019-03-06 19:31:03.269000
C:\Users\cmtech\Documents\PythonScripts\Patient_0\imgs\214.png,2019-03-06 19:31:03.269000
C:\Users\cmtech\Documents\PythonScripts\Patient_0\imgs\215.png,2019-03-06 19:31:03.278000
C:\Users\cmtech\Documents\PythonScripts\Patient_0\imgs\216.png,2019-03-06 19:31:03.294000
C:\Users\cmtech\Documents\PythonScripts\Patient_0\imgs\217.png,2019-03-06 19:31:03.302000
C:\Users\cmtech\Documents\PythonScripts\Patient_0\imgs\218.png,2019-03-06 19:31:03.310000
C:\Users\cmtech\Documents\PythonScripts\Patient_0\imgs\219.png,2019-03-06 19:31:03.310000
C:\Users\cmtech\Documents\PythonScripts\Patient_0\imgs\220.png,2019-03-06 19:31:03.326000
C:\Users\cmtech\Documents\PythonScripts\Patient_0\imgs\221.png,2019-03-06 19:31:03.326000
C:\Users\cmtech\Documents\PythonScripts\Patient_0\imgs\222.png,2019-03-06 19:31:03.333000
C:\Users\cmtech\Documents\PythonScripts\Patient_0\imgs\223.png,2019-03-06 19:31:03.357000
C:\Users\cmtech\Documents\PythonScripts\Patient_0\imgs\224.png,2019-03-06 19:31:03.365000
C:\Users\cmtech\Documents\PythonScripts\Patient_0\imgs\225.png,2019-03-06 19:31:03.365000
C:\Users\cmtech\Documents\PythonScripts\Patient_0\imgs\226.png,2019-03-06 19:31:03.374000
C:\Users\cmtech\Documents\PythonScripts\Patient_0\imgs\227.png,2019-03-06 19:31:03.382000
C:\Users\cmtech\Documents\PythonScripts\Patient_0\imgs\228.png,2019-03-06 19:31:03.391000
C:\Users\cmtech\Documents\PythonScripts\Patient_0\imgs\229.png,2019-03-06 19:31:03.406000
C:\Users\cmtech\Documents\PythonScripts\Patient_0\imgs\230.png,2019-03-06 19:31:03.406000
C:\Users\cmtech\Documents\PythonScripts\Patient_0\imgs\231.png,2019-03-06 19:31:03.422000
C:\Users\cmtech\Documents\PythonScripts\Patient_0\imgs\232.png,2019-03-06 19:31:03.422000
C:\Users\cmtech\Documents\PythonScripts\Patient_0\imgs\233.png,2019-03-06 19:31:03.430000
C:\Users\cmtech\Documents\PythonScripts\Patient_0\imgs\234.png,2019-03-06 19:31:03.447000
C:\Users\cmtech\Documents\PythonScripts\Patient_0\imgs\235.png,2019-03-06 19:31:03.456000
C:\Users\cmtech\Documents\PythonScripts\Patient_0\imgs\236.png,2019-03-06 19:31:03.463000
C:\Users\cmtech\Documents\PythonScripts\Patient_0\imgs\237.png,2019-03-06 19:31:03.471000
C:\Users\cmtech\Documents\PythonScripts\Patient_0\imgs\238.png,2019-03-06 19:31:03.471000
C:\Users\cmtech\Documents\PythonScripts\Patient_0\imgs\239.png,2019-03-06 19:31:03.479000
C:\Users\cmtech\Documents\PythonScripts\Patient_0\imgs\240.png,2019-03-06 19:31:03.487000
C:\Users\cmtech\Documents\PythonScripts\Patient_0\imgs\241.png,2019-03-06 19:31:03.504000
C:\Users\cmtech\Documents\PythonScripts\Patient_0\imgs\242.png,2019-03-06 19:31:03.504000
C:\Users\cmtech\Documents\PythonScripts\Patient_0\imgs\243.png,2019-03-06 19:31:03.519000
C:\Users\cmtech\Documents\PythonScripts\Patient_0\imgs\244.png,2019-03-06 19:31:03.527000
C:\Users\cmtech\Documents\PythonScripts\Patient_0\imgs\245.png,2019-03-06 19:31:03.527000
C:\Users\cmtech\Documents\PythonScripts\Patient_0\imgs\246.png,2019-03-06 19:31:03.536000
C:\Users\cmtech\Documents\PythonScripts\Patient_0\imgs\247.png,2019-03-06 19:31:03.543000
C:\Users\cmtech\Documents\PythonScripts\Patient_0\imgs\248.png,2019-03-06 19:31:03.552000
C:\Users\cmtech\Documents\PythonScripts\Patient_0\imgs\249.png,2019-03-06 19:31:03.567000
C:\Users\cmtech\Documents\PythonScripts\Patient_0\imgs\250.png,2019-03-06 19:31:03.567000
C:\Users\cmtech\Documents\PythonScripts\Patient_0\imgs\251.png,2019-03-06 19:31:03.576000
C:\Users\cmtech\Documents\PythonScripts\Patient_0\imgs\252.png,2019-03-06 19:31:03.592000
C:\Users\cmtech\Documents\PythonScripts\Patient_0\imgs\253.png,2019-03-06 19:31:03.600000
C:\Users\cmtech\Documents\PythonScripts\Patient_0\imgs\254.png,2019-03-06 19:31:03.608000
C:\Users\cmtech\Documents\PythonScripts\Patient_0\imgs\255.png,2019-03-06 19:31:03.608000
C:\Users\cmtech\Documents\PythonScripts\Patient_0\imgs\256.png,2019-03-06 19:31:03.608000
C:\Users\cmtech\Documents\PythonScripts\Patient_0\imgs\257.png,2019-03-06 19:31:03.616000
C:\Users\cmtech\Documents\PythonScripts\Patient_0\imgs\258.png,2019-03-06 19:31:03.632000
C:\Users\cmtech\Documents\PythonScripts\Patient_0\imgs\259.png,2019-03-06 19:31:03.640000
C:\Users\cmtech\Documents\PythonScripts\Patient_0\imgs\260.png,2019-03-06 19:31:03.648000
C:\Users\cmtech\Documents\PythonScripts\Patient_0\imgs\261.png,2019-03-06 19:31:03.656000
C:\Users\cmtech\Documents\PythonScripts\Patient_0\imgs\262.png,2019-03-06 19:31:03.664000
C:\Users\cmtech\Documents\PythonScripts\Patient_0\imgs\263.png,2019-03-06 19:31:03.673000
C:\Users\cmtech\Documents\PythonScripts\Patient_0\imgs\264.png,2019-03-06 19:31:03.680000
C:\Users\cmtech\Documents\PythonScripts\Patient_0\imgs\265.png,2019-03-06 19:31:03.689000
C:\Users\cmtech\Documents\PythonScripts\Patient_0\imgs\266.png,2019-03-06 19:31:03.697000
C:\Users\cmtech\Documents\PythonScripts\Patient_0\imgs\267.png,2019-03-06 19:31:03.697000
C:\Users\cmtech\Documents\PythonScripts\Patient_0\imgs\268.png,2019-03-06 19:31:03.705000
C:\Users\cmtech\Documents\PythonScripts\Patient_0\imgs\269.png,2019-03-06 19:31:03.712000
C:\Users\cmtech\Documents\PythonScripts\Patient_0\imgs\270.png,2019-03-06 19:31:03.728000
C:\Users\cmtech\Documents\PythonScripts\Patient_0\imgs\271.png,2019-03-06 19:31:03.728000
C:\Users\cmtech\Documents\PythonScripts\Patient_0\imgs\272.png,2019-03-06 19:31:03.736000
C:\Users\cmtech\Documents\PythonScripts\Patient_0\imgs\273.png,2019-03-06 19:31:03.752000
C:\Users\cmtech\Documents\PythonScripts\Patient_0\imgs\274.png,2019-03-06 19:31:03.752000
C:\Users\cmtech\Documents\PythonScripts\Patient_0\imgs\275.png,2019-03-06 19:31:03.760000
C:\Users\cmtech\Documents\PythonScripts\Patient_0\imgs\276.png,2019-03-06 19:31:03.776000
C:\Users\cmtech\Documents\PythonScripts\Patient_0\imgs\277.png,2019-03-06 19:31:03.776000
C:\Users\cmtech\Documents\PythonScripts\Patient_0\imgs\278.png,2019-03-06 19:31:03.793000
C:\Users\cmtech\Documents\PythonScripts\Patient_0\imgs\279.png,2019-03-06 19:31:03.793000
C:\Users\cmtech\Documents\PythonScripts\Patient_0\imgs\280.png,2019-03-06 19:31:03.800000
C:\Users\cmtech\Documents\PythonScripts\Patient_0\imgs\281.png,2019-03-06 19:31:03.817000
C:\Users\cmtech\Documents\PythonScripts\Patient_0\imgs\282.png,2019-03-06 19:31:03.826000
C:\Users\cmtech\Documents\PythonScripts\Patient_0\imgs\283.png,2019-03-06 19:31:03.840000
C:\Users\cmtech\Documents\PythonScripts\Patient_0\imgs\284.png,2019-03-06 19:31:03.840000
C:\Users\cmtech\Documents\PythonScripts\Patient_0\imgs\285.png,2019-03-06 19:31:03.849000
C:\Users\cmtech\Documents\PythonScripts\Patient_0\imgs\286.png,2019-03-06 19:31:03.857000
C:\Users\cmtech\Documents\PythonScripts\Patient_0\imgs\287.png,2019-03-06 19:31:03.865000
C:\Users\cmtech\Documents\PythonScripts\Patient_0\imgs\288.png,2019-03-06 19:31:03.874000
C:\Users\cmtech\Documents\PythonScripts\Patient_0\imgs\289.png,2019-03-06 19:31:03.882000
C:\Users\cmtech\Documents\PythonScripts\Patient_0\imgs\290.png,2019-03-06 19:31:03.890000
C:\Users\cmtech\Documents\PythonScripts\Patient_0\imgs\291.png,2019-03-06 19:31:03.890000
C:\Users\cmtech\Documents\PythonScripts\Patient_0\imgs\292.png,2019-03-06 19:31:03.898000
C:\Users\cmtech\Documents\PythonScripts\Patient_0\imgs\293.png,2019-03-06 19:31:03.913000
C:\Users\cmtech\Documents\PythonScripts\Patient_0\imgs\294.png,2019-03-06 19:31:03.922000
C:\Users\cmtech\Documents\PythonScripts\Patient_0\imgs\295.png,2019-03-06 19:31:03.929000
C:\Users\cmtech\Documents\PythonScripts\Patient_0\imgs\296.png,2019-03-06 19:31:03.938000
C:\Users\cmtech\Documents\PythonScripts\Patient_0\imgs\297.png,2019-03-06 19:31:03.946000
C:\Users\cmtech\Documents\PythonScripts\Patient_0\imgs\298.png,2019-03-06 19:31:03.954000
C:\Users\cmtech\Documents\PythonScripts\Patient_0\imgs\299.png,2019-03-06 19:31:03.962000
C:\Users\cmtech\Documents\PythonScripts\Patient_0\imgs\300.png,2019-03-06 19:31:03.970000
C:\Users\cmtech\Documents\PythonScripts\Patient_0\imgs\301.png,2019-03-06 19:31:03.970000
C:\Users\cmtech\Documents\PythonScripts\Patient_0\imgs\302.png,2019-03-06 19:31:03.986000
C:\Users\cmtech\Documents\PythonScripts\Patient_0\imgs\303.png,2019-03-06 19:31:03.994000
C:\Users\cmtech\Documents\PythonScripts\Patient_0\imgs\304.png,2019-03-06 19:31:04.002000
C:\Users\cmtech\Documents\PythonScripts\Patient_0\imgs\305.png,2019-03-06 19:31:04.002000
C:\Users\cmtech\Documents\PythonScripts\Patient_0\imgs\306.png,2019-03-06 19:31:04.018000
C:\Users\cmtech\Documents\PythonScripts\Patient_0\imgs\307.png,2019-03-06 19:31:04.018000
C:\Users\cmtech\Documents\PythonScripts\Patient_0\imgs\308.png,2019-03-06 19:31:04.034000
C:\Users\cmtech\Documents\PythonScripts\Patient_0\imgs\309.png,2019-03-06 19:31:04.043000
C:\Users\cmtech\Documents\PythonScripts\Patient_0\imgs\310.png,2019-03-06 19:31:04.050000
C:\Users\cmtech\Documents\PythonScripts\Patient_0\imgs\311.png,2019-03-06 19:31:04.058000
C:\Users\cmtech\Documents\PythonScripts\Patient_0\imgs\312.png,2019-03-06 19:31:04.058000
C:\Users\cmtech\Documents\PythonScripts\Patient_0\imgs\313.png,2019-03-06 19:31:04.067000
C:\Users\cmtech\Documents\PythonScripts\Patient_0\imgs\314.png,2019-03-06 19:31:04.082000
C:\Users\cmtech\Documents\PythonScripts\Patient_0\imgs\315.png,2019-03-06 19:31:04.082000
C:\Users\cmtech\Documents\PythonScripts\Patient_0\imgs\316.png,2019-03-06 19:31:04.090000
C:\Users\cmtech\Documents\PythonScripts\Patient_0\imgs\317.png,2019-03-06 19:31:04.098000
C:\Users\cmtech\Documents\PythonScripts\Patient_0\imgs\318.png,2019-03-06 19:31:04.106000
C:\Users\cmtech\Documents\PythonScripts\Patient_0\imgs\319.png,2019-03-06 19:31:04.114000
C:\Users\cmtech\Documents\PythonScripts\Patient_0\imgs\320.png,2019-03-06 19:31:04.123000
C:\Users\cmtech\Documents\PythonScripts\Patient_0\imgs\321.png,2019-03-06 19:31:04.139000
C:\Users\cmtech\Documents\PythonScripts\Patient_0\imgs\322.png,2019-03-06 19:31:04.139000
C:\Users\cmtech\Documents\PythonScripts\Patient_0\imgs\323.png,2019-03-06 19:31:04.155000
C:\Users\cmtech\Documents\PythonScripts\Patient_0\imgs\324.png,2019-03-06 19:31:04.155000
C:\Users\cmtech\Documents\PythonScripts\Patient_0\imgs\325.png,2019-03-06 19:31:04.171000
C:\Users\cmtech\Documents\PythonScripts\Patient_0\imgs\326.png,2019-03-06 19:31:04.171000
C:\Users\cmtech\Documents\PythonScripts\Patient_0\imgs\327.png,2019-03-06 19:31:04.179000
C:\Users\cmtech\Documents\PythonScripts\Patient_0\imgs\328.png,2019-03-06 19:31:04.188000
C:\Users\cmtech\Documents\PythonScripts\Patient_0\imgs\329.png,2019-03-06 19:31:04.188000
C:\Users\cmtech\Documents\PythonScripts\Patient_0\imgs\330.png,2019-03-06 19:31:04.204000
C:\Users\cmtech\Documents\PythonScripts\Patient_0\imgs\331.png,2019-03-06 19:31:04.211000
C:\Users\cmtech\Documents\PythonScripts\Patient_0\imgs\332.png,2019-03-06 19:31:04.220000
C:\Users\cmtech\Documents\PythonScripts\Patient_0\imgs\333.png,2019-03-06 19:31:04.235000
C:\Users\cmtech\Documents\PythonScripts\Patient_0\imgs\334.png,2019-03-06 19:31:04.235000
C:\Users\cmtech\Documents\PythonScripts\Patient_0\imgs\335.png,2019-03-06 19:31:04.244000
C:\Users\cmtech\Documents\PythonScripts\Patient_0\imgs\336.png,2019-03-06 19:31:04.252000
C:\Users\cmtech\Documents\PythonScripts\Patient_0\imgs\337.png,2019-03-06 19:31:04.261000
C:\Users\cmtech\Documents\PythonScripts\Patient_0\imgs\338.png,2019-03-06 19:31:04.268000
C:\Users\cmtech\Documents\PythonScripts\Patient_0\imgs\339.png,2019-03-06 19:31:04.276000
C:\Users\cmtech\Documents\PythonScripts\Patient_0\imgs\340.png,2019-03-06 19:31:04.284000
C:\Users\cmtech\Documents\PythonScripts\Patient_0\imgs\341.png,2019-03-06 19:31:04.292000
C:\Users\cmtech\Documents\PythonScripts\Patient_0\imgs\342.png,2019-03-06 19:31:04.292000
C:\Users\cmtech\Documents\PythonScripts\Patient_0\imgs\343.png,2019-03-06 19:31:04.309000
C:\Users\cmtech\Documents\PythonScripts\Patient_0\imgs\344.png,2019-03-06 19:31:04.316000
C:\Users\cmtech\Documents\PythonScripts\Patient_0\imgs\345.png,2019-03-06 19:31:04.332000
C:\Users\cmtech\Documents\PythonScripts\Patient_0\imgs\346.png,2019-03-06 19:31:04.332000
C:\Users\cmtech\Documents\PythonScripts\Patient_0\imgs\347.png,2019-03-06 19:31:04.342000
C:\Users\cmtech\Documents\PythonScripts\Patient_0\imgs\348.png,2019-03-06 19:31:04.349000
C:\Users\cmtech\Documents\PythonScripts\Patient_0\imgs\349.png,2019-03-06 19:31:04.357000
C:\Users\cmtech\Documents\PythonScripts\Patient_0\imgs\350.png,2019-03-06 19:31:04.373000
C:\Users\cmtech\Documents\PythonScripts\Patient_0\imgs\351.png,2019-03-06 19:31:04.381000
C:\Users\cmtech\Documents\PythonScripts\Patient_0\imgs\352.png,2019-03-06 19:31:04.381000
C:\Users\cmtech\Documents\PythonScripts\Patient_0\imgs\353.png,2019-03-06 19:31:04.397000
C:\Users\cmtech\Documents\PythonScripts\Patient_0\imgs\354.png,2019-03-06 19:31:04.413000
C:\Users\cmtech\Documents\PythonScripts\Patient_0\imgs\355.png,2019-03-06 19:31:04.413000
C:\Users\cmtech\Documents\PythonScripts\Patient_0\imgs\356.png,2019-03-06 19:31:04.422000
C:\Users\cmtech\Documents\PythonScripts\Patient_0\imgs\357.png,2019-03-06 19:31:04.430000
C:\Users\cmtech\Documents\PythonScripts\Patient_0\imgs\358.png,2019-03-06 19:31:04.430000
C:\Users\cmtech\Documents\PythonScripts\Patient_0\imgs\359.png,2019-03-06 19:31:04.438000
C:\Users\cmtech\Documents\PythonScripts\Patient_0\imgs\360.png,2019-03-06 19:31:04.455000
C:\Users\cmtech\Documents\PythonScripts\Patient_0\imgs\361.png,2019-03-06 19:31:04.461000
C:\Users\cmtech\Documents\PythonScripts\Patient_0\imgs\362.png,2019-03-06 19:31:04.469000
C:\Users\cmtech\Documents\PythonScripts\Patient_0\imgs\363.png,2019-03-06 19:31:04.469000
C:\Users\cmtech\Documents\PythonScripts\Patient_0\imgs\364.png,2019-03-06 19:31:04.477000
C:\Users\cmtech\Documents\PythonScripts\Patient_0\imgs\365.png,2019-03-06 19:31:04.485000
C:\Users\cmtech\Documents\PythonScripts\Patient_0\imgs\366.png,2019-03-06 19:31:04.501000
C:\Users\cmtech\Documents\PythonScripts\Patient_0\imgs\367.png,2019-03-06 19:31:04.501000
C:\Users\cmtech\Documents\PythonScripts\Patient_0\imgs\368.png,2019-03-06 19:31:04.510000
C:\Users\cmtech\Documents\PythonScripts\Patient_0\imgs\369.png,2019-03-06 19:31:04.517000
C:\Users\cmtech\Documents\PythonScripts\Patient_0\imgs\370.png,2019-03-06 19:31:04.533000
C:\Users\cmtech\Documents\PythonScripts\Patient_0\imgs\371.png,2019-03-06 19:31:04.542000
C:\Users\cmtech\Documents\PythonScripts\Patient_0\imgs\372.png,2019-03-06 19:31:04.542000
C:\Users\cmtech\Documents\PythonScripts\Patient_0\imgs\373.png,2019-03-06 19:31:04.558000
C:\Users\cmtech\Documents\PythonScripts\Patient_0\imgs\374.png,2019-03-06 19:31:04.566000
C:\Users\cmtech\Documents\PythonScripts\Patient_0\imgs\375.png,2019-03-06 19:31:04.575000
C:\Users\cmtech\Documents\PythonScripts\Patient_0\imgs\376.png,2019-03-06 19:31:04.583000
C:\Users\cmtech\Documents\PythonScripts\Patient_0\imgs\377.png,2019-03-06 19:31:04.591000
C:\Users\cmtech\Documents\PythonScripts\Patient_0\imgs\378.png,2019-03-06 19:31:04.591000
C:\Users\cmtech\Documents\PythonScripts\Patient_0\imgs\379.png,2019-03-06 19:31:04.599000
C:\Users\cmtech\Documents\PythonScripts\Patient_0\imgs\380.png,2019-03-06 19:31:04.614000
C:\Users\cmtech\Documents\PythonScripts\Patient_0\imgs\381.png,2019-03-06 19:31:04.622000
C:\Users\cmtech\Documents\PythonScripts\Patient_0\imgs\382.png,2019-03-06 19:31:04.622000
C:\Users\cmtech\Documents\PythonScripts\Patient_0\imgs\383.png,2019-03-06 19:31:04.622000
C:\Users\cmtech\Documents\PythonScripts\Patient_0\imgs\384.png,2019-03-06 19:31:04.639000
C:\Users\cmtech\Documents\PythonScripts\Patient_0\imgs\385.png,2019-03-06 19:31:04.647000
C:\Users\cmtech\Documents\PythonScripts\Patient_0\imgs\386.png,2019-03-06 19:31:04.655000
C:\Users\cmtech\Documents\PythonScripts\Patient_0\imgs\387.png,2019-03-06 19:31:04.663000
C:\Users\cmtech\Documents\PythonScripts\Patient_0\imgs\388.png,2019-03-06 19:31:04.671000
C:\Users\cmtech\Documents\PythonScripts\Patient_0\imgs\389.png,2019-03-06 19:31:04.679000
C:\Users\cmtech\Documents\PythonScripts\Patient_0\imgs\390.png,2019-03-06 19:31:04.686000
C:\Users\cmtech\Documents\PythonScripts\Patient_0\imgs\391.png,2019-03-06 19:31:04.695000
C:\Users\cmtech\Documents\PythonScripts\Patient_0\imgs\392.png,2019-03-06 19:31:04.702000
C:\Users\cmtech\Documents\PythonScripts\Patient_0\imgs\393.png,2019-03-06 19:31:04.711000
C:\Users\cmtech\Documents\PythonScripts\Patient_0\imgs\394.png,2019-03-06 19:31:04.719000
C:\Users\cmtech\Documents\PythonScripts\Patient_0\imgs\395.png,2019-03-06 19:31:04.728000
C:\Users\cmtech\Documents\PythonScripts\Patient_0\imgs\396.png,2019-03-06 19:31:04.735000
C:\Users\cmtech\Documents\PythonScripts\Patient_0\imgs\397.png,2019-03-06 19:31:04.744000
C:\Users\cmtech\Documents\PythonScripts\Patient_0\imgs\398.png,2019-03-06 19:31:04.752000
C:\Users\cmtech\Documents\PythonScripts\Patient_0\imgs\399.png,2019-03-06 19:31:04.759000
C:\Users\cmtech\Documents\PythonScripts\Patient_0\imgs\400.png,2019-03-06 19:31:04.768000
C:\Users\cmtech\Documents\PythonScripts\Patient_0\imgs\401.png,2019-03-06 19:31:04.768000
C:\Users\cmtech\Documents\PythonScripts\Patient_0\imgs\402.png,2019-03-06 19:31:04.776000
C:\Users\cmtech\Documents\PythonScripts\Patient_0\imgs\403.png,2019-03-06 19:31:04.792000
C:\Users\cmtech\Documents\PythonScripts\Patient_0\imgs\404.png,2019-03-06 19:31:04.800000
C:\Users\cmtech\Documents\PythonScripts\Patient_0\imgs\405.png,2019-03-06 19:31:04.808000
C:\Users\cmtech\Documents\PythonScripts\Patient_0\imgs\406.png,2019-03-06 19:31:04.808000
C:\Users\cmtech\Documents\PythonScripts\Patient_0\imgs\407.png,2019-03-06 19:31:04.816000
C:\Users\cmtech\Documents\PythonScripts\Patient_0\imgs\408.png,2019-03-06 19:31:04.840000
C:\Users\cmtech\Documents\PythonScripts\Patient_0\imgs\409.png,2019-03-06 19:31:04.847000
C:\Users\cmtech\Documents\PythonScripts\Patient_0\imgs\410.png,2019-03-06 19:31:04.847000
C:\Users\cmtech\Documents\PythonScripts\Patient_0\imgs\411.png,2019-03-06 19:31:04.856000
C:\Users\cmtech\Documents\PythonScripts\Patient_0\imgs\412.png,2019-03-06 19:31:04.864000
C:\Users\cmtech\Documents\PythonScripts\Patient_0\imgs\413.png,2019-03-06 19:31:04.873000
C:\Users\cmtech\Documents\PythonScripts\Patient_0\imgs\414.png,2019-03-06 19:31:04.879000
C:\Users\cmtech\Documents\PythonScripts\Patient_0\imgs\415.png,2019-03-06 19:31:04.888000
C:\Users\cmtech\Documents\PythonScripts\Patient_0\imgs\416.png,2019-03-06 19:31:04.895000
C:\Users\cmtech\Documents\PythonScripts\Patient_0\imgs\417.png,2019-03-06 19:31:04.895000
C:\Users\cmtech\Documents\PythonScripts\Patient_0\imgs\418.png,2019-03-06 19:31:04.903000
C:\Users\cmtech\Documents\PythonScripts\Patient_0\imgs\419.png,2019-03-06 19:31:04.921000
C:\Users\cmtech\Documents\PythonScripts\Patient_0\imgs\420.png,2019-03-06 19:31:04.929000
C:\Users\cmtech\Documents\PythonScripts\Patient_0\imgs\421.png,2019-03-06 19:31:04.935000
C:\Users\cmtech\Documents\PythonScripts\Patient_0\imgs\422.png,2019-03-06 19:31:04.944000
C:\Users\cmtech\Documents\PythonScripts\Patient_0\imgs\423.png,2019-03-06 19:31:04.944000
C:\Users\cmtech\Documents\PythonScripts\Patient_0\imgs\424.png,2019-03-06 19:31:04.952000
C:\Users\cmtech\Documents\PythonScripts\Patient_0\imgs\425.png,2019-03-06 19:31:04.961000
C:\Users\cmtech\Documents\PythonScripts\Patient_0\imgs\426.png,2019-03-06 19:31:04.976000
C:\Users\cmtech\Documents\PythonScripts\Patient_0\imgs\427.png,2019-03-06 19:31:04.976000
C:\Users\cmtech\Documents\PythonScripts\Patient_0\imgs\428.png,2019-03-06 19:31:04.992000
C:\Users\cmtech\Documents\PythonScripts\Patient_0\imgs\429.png,2019-03-06 19:31:04.992000
C:\Users\cmtech\Documents\PythonScripts\Patient_0\imgs\430.png,2019-03-06 19:31:05.009000
C:\Users\cmtech\Documents\PythonScripts\Patient_0\imgs\431.png,2019-03-06 19:31:05.017000
C:\Users\cmtech\Documents\PythonScripts\Patient_0\imgs\432.png,2019-03-06 19:31:05.017000
C:\Users\cmtech\Documents\PythonScripts\Patient_0\imgs\433.png,2019-03-06 19:31:05.033000
C:\Users\cmtech\Documents\PythonScripts\Patient_0\imgs\434.png,2019-03-06 19:31:05.040000
C:\Users\cmtech\Documents\PythonScripts\Patient_0\imgs\435.png,2019-03-06 19:31:05.048000
C:\Users\cmtech\Documents\PythonScripts\Patient_0\imgs\436.png,2019-03-06 19:31:05.048000
C:\Users\cmtech\Documents\PythonScripts\Patient_0\imgs\437.png,2019-03-06 19:31:05.059000
C:\Users\cmtech\Documents\PythonScripts\Patient_0\imgs\438.png,2019-03-06 19:31:05.066000
C:\Users\cmtech\Documents\PythonScripts\Patient_0\imgs\439.png,2019-03-06 19:31:05.074000
C:\Users\cmtech\Documents\PythonScripts\Patient_0\imgs\440.png,2019-03-06 19:31:05.081000
C:\Users\cmtech\Documents\PythonScripts\Patient_0\imgs\441.png,2019-03-06 19:31:05.098000
C:\Users\cmtech\Documents\PythonScripts\Patient_0\imgs\442.png,2019-03-06 19:31:05.098000
C:\Users\cmtech\Documents\PythonScripts\Patient_0\imgs\443.png,2019-03-06 19:31:05.106000
C:\Users\cmtech\Documents\PythonScripts\Patient_0\imgs\444.png,2019-03-06 19:31:05.113000
C:\Users\cmtech\Documents\PythonScripts\Patient_0\imgs\445.png,2019-03-06 19:31:05.122000
C:\Users\cmtech\Documents\PythonScripts\Patient_0\imgs\446.png,2019-03-06 19:31:05.139000
C:\Users\cmtech\Documents\PythonScripts\Patient_0\imgs\447.png,2019-03-06 19:31:05.139000
C:\Users\cmtech\Documents\PythonScripts\Patient_0\imgs\448.png,2019-03-06 19:31:05.153000
C:\Users\cmtech\Documents\PythonScripts\Patient_0\imgs\449.png,2019-03-06 19:31:05.153000
C:\Users\cmtech\Documents\PythonScripts\Patient_0\imgs\450.png,2019-03-06 19:31:05.163000
C:\Users\cmtech\Documents\PythonScripts\Patient_0\imgs\451.png,2019-03-06 19:31:05.171000
C:\Users\cmtech\Documents\PythonScripts\Patient_0\imgs\452.png,2019-03-06 19:31:05.179000
C:\Users\cmtech\Documents\PythonScripts\Patient_0\imgs\453.png,2019-03-06 19:31:05.186000
C:\Users\cmtech\Documents\PythonScripts\Patient_0\imgs\454.png,2019-03-06 19:31:05.186000
C:\Users\cmtech\Documents\PythonScripts\Patient_0\imgs\455.png,2019-03-06 19:31:05.202000
C:\Users\cmtech\Documents\PythonScripts\Patient_0\imgs\456.png,2019-03-06 19:31:05.217000
C:\Users\cmtech\Documents\PythonScripts\Patient_0\imgs\457.png,2019-03-06 19:31:05.217000
C:\Users\cmtech\Documents\PythonScripts\Patient_0\imgs\458.png,2019-03-06 19:31:05.234000
C:\Users\cmtech\Documents\PythonScripts\Patient_0\imgs\459.png,2019-03-06 19:31:05.234000
C:\Users\cmtech\Documents\PythonScripts\Patient_0\imgs\460.png,2019-03-06 19:31:05.243000
C:\Users\cmtech\Documents\PythonScripts\Patient_0\imgs\461.png,2019-03-06 19:31:05.250000
C:\Users\cmtech\Documents\PythonScripts\Patient_0\imgs\462.png,2019-03-06 19:31:05.259000
C:\Users\cmtech\Documents\PythonScripts\Patient_0\imgs\463.png,2019-03-06 19:31:05.266000
C:\Users\cmtech\Documents\PythonScripts\Patient_0\imgs\464.png,2019-03-06 19:31:05.274000
C:\Users\cmtech\Documents\PythonScripts\Patient_0\imgs\465.png,2019-03-06 19:31:05.283000
C:\Users\cmtech\Documents\PythonScripts\Patient_0\imgs\466.png,2019-03-06 19:31:05.291000
C:\Users\cmtech\Documents\PythonScripts\Patient_0\imgs\467.png,2019-03-06 19:31:05.299000
C:\Users\cmtech\Documents\PythonScripts\Patient_0\imgs\468.png,2019-03-06 19:31:05.306000
C:\Users\cmtech\Documents\PythonScripts\Patient_0\imgs\469.png,2019-03-06 19:31:05.315000
C:\Users\cmtech\Documents\PythonScripts\Patient_0\imgs\470.png,2019-03-06 19:31:05.330000
C:\Users\cmtech\Documents\PythonScripts\Patient_0\imgs\471.png,2019-03-06 19:31:05.330000
C:\Users\cmtech\Documents\PythonScripts\Patient_0\imgs\472.png,2019-03-06 19:31:05.340000
C:\Users\cmtech\Documents\PythonScripts\Patient_0\imgs\473.png,2019-03-06 19:31:05.356000
C:\Users\cmtech\Documents\PythonScripts\Patient_0\imgs\474.png,2019-03-06 19:31:05.356000
C:\Users\cmtech\Documents\PythonScripts\Patient_0\imgs\475.png,2019-03-06 19:31:05.379000
C:\Users\cmtech\Documents\PythonScripts\Patient_0\imgs\476.png,2019-03-06 19:31:05.379000
C:\Users\cmtech\Documents\PythonScripts\Patient_0\imgs\477.png,2019-03-06 19:31:05.379000
C:\Users\cmtech\Documents\PythonScripts\Patient_0\imgs\478.png,2019-03-06 19:31:05.396000
C:\Users\cmtech\Documents\PythonScripts\Patient_0\imgs\479.png,2019-03-06 19:31:05.396000
C:\Users\cmtech\Documents\PythonScripts\Patient_0\imgs\480.png,2019-03-06 19:31:05.412000
C:\Users\cmtech\Documents\PythonScripts\Patient_0\imgs\481.png,2019-03-06 19:31:05.412000
C:\Users\cmtech\Documents\PythonScripts\Patient_0\imgs\482.png,2019-03-06 19:31:05.429000
C:\Users\cmtech\Documents\PythonScripts\Patient_0\imgs\483.png,2019-03-06 19:31:05.436000
C:\Users\cmtech\Documents\PythonScripts\Patient_0\imgs\484.png,2019-03-06 19:31:05.444000
C:\Users\cmtech\Documents\PythonScripts\Patient_0\imgs\485.png,2019-03-06 19:31:05.452000
C:\Users\cmtech\Documents\PythonScripts\Patient_0\imgs\486.png,2019-03-06 19:31:05.461000
C:\Users\cmtech\Documents\PythonScripts\Patient_0\imgs\487.png,2019-03-06 19:31:05.461000
C:\Users\cmtech\Documents\PythonScripts\Patient_0\imgs\488.png,2019-03-06 19:31:05.477000
C:\Users\cmtech\Documents\PythonScripts\Patient_0\imgs\489.png,2019-03-06 19:31:05.484000
C:\Users\cmtech\Documents\PythonScripts\Patient_0\imgs\490.png,2019-03-06 19:31:05.492000
C:\Users\cmtech\Documents\PythonScripts\Patient_0\imgs\491.png,2019-03-06 19:31:05.501000
C:\Users\cmtech\Documents\PythonScripts\Patient_0\imgs\492.png,2019-03-06 19:31:05.509000
C:\Users\cmtech\Documents\PythonScripts\Patient_0\imgs\493.png,2019-03-06 19:31:05.509000
C:\Users\cmtech\Documents\PythonScripts\Patient_0\imgs\494.png,2019-03-06 19:31:05.526000
C:\Users\cmtech\Documents\PythonScripts\Patient_0\imgs\495.png,2019-03-06 19:31:05.526000
C:\Users\cmtech\Documents\PythonScripts\Patient_0\imgs\496.png,2019-03-06 19:31:05.549000
C:\Users\cmtech\Documents\PythonScripts\Patient_0\imgs\497.png,2019-03-06 19:31:05.549000
C:\Users\cmtech\Documents\PythonScripts\Patient_0\imgs\498.png,2019-03-06 19:31:05.564000
C:\Users\cmtech\Documents\PythonScripts\Patient_0\imgs\499.png,2019-03-06 19:31:05.564000
C:\Users\cmtech\Documents\PythonScripts\Patient_0\imgs\500.png,2019-03-06 19:31:05.564000
C:\Users\cmtech\Documents\PythonScripts\Patient_0\imgs\501.png,2019-03-06 19:31:05.564000
C:\Users\cmtech\Documents\PythonScripts\Patient_0\imgs\502.png,2019-03-06 19:31:05.582000
C:\Users\cmtech\Documents\PythonScripts\Patient_0\imgs\503.png,2019-03-06 19:31:05.597000
C:\Users\cmtech\Documents\PythonScripts\Patient_0\imgs\504.png,2019-03-06 19:31:05.605000
C:\Users\cmtech\Documents\PythonScripts\Patient_0\imgs\505.png,2019-03-06 19:31:05.612000
C:\Users\cmtech\Documents\PythonScripts\Patient_0\imgs\506.png,2019-03-06 19:31:05.612000
C:\Users\cmtech\Documents\PythonScripts\Patient_0\imgs\507.png,2019-03-06 19:31:05.620000
C:\Users\cmtech\Documents\PythonScripts\Patient_0\imgs\508.png,2019-03-06 19:31:05.628000
C:\Users\cmtech\Documents\PythonScripts\Patient_0\imgs\509.png,2019-03-06 19:31:05.636000
C:\Users\cmtech\Documents\PythonScripts\Patient_0\imgs\510.png,2019-03-06 19:31:05.645000
C:\Users\cmtech\Documents\PythonScripts\Patient_0\imgs\511.png,2019-03-06 19:31:05.653000
C:\Users\cmtech\Documents\PythonScripts\Patient_0\imgs\512.png,2019-03-06 19:31:05.661000
C:\Users\cmtech\Documents\PythonScripts\Patient_0\imgs\513.png,2019-03-06 19:31:05.669000
C:\Users\cmtech\Documents\PythonScripts\Patient_0\imgs\514.png,2019-03-06 19:31:05.677000
C:\Users\cmtech\Documents\PythonScripts\Patient_0\imgs\515.png,2019-03-06 19:31:05.685000
C:\Users\cmtech\Documents\PythonScripts\Patient_0\imgs\516.png,2019-03-06 19:31:05.694000
C:\Users\cmtech\Documents\PythonScripts\Patient_0\imgs\517.png,2019-03-06 19:31:05.701000
C:\Users\cmtech\Documents\PythonScripts\Patient_0\imgs\518.png,2019-03-06 19:31:05.709000
C:\Users\cmtech\Documents\PythonScripts\Patient_0\imgs\519.png,2019-03-06 19:31:05.717000
C:\Users\cmtech\Documents\PythonScripts\Patient_0\imgs\520.png,2019-03-06 19:31:05.726000
C:\Users\cmtech\Documents\PythonScripts\Patient_0\imgs\521.png,2019-03-06 19:31:05.734000
C:\Users\cmtech\Documents\PythonScripts\Patient_0\imgs\522.png,2019-03-06 19:31:05.742000
C:\Users\cmtech\Documents\PythonScripts\Patient_0\imgs\523.png,2019-03-06 19:31:05.750000
C:\Users\cmtech\Documents\PythonScripts\Patient_0\imgs\524.png,2019-03-06 19:31:05.758000
C:\Users\cmtech\Documents\PythonScripts\Patient_0\imgs\525.png,2019-03-06 19:31:05.766000
C:\Users\cmtech\Documents\PythonScripts\Patient_0\imgs\526.png,2019-03-06 19:31:05.774000
C:\Users\cmtech\Documents\PythonScripts\Patient_0\imgs\527.png,2019-03-06 19:31:05.782000
C:\Users\cmtech\Documents\PythonScripts\Patient_0\imgs\528.png,2019-03-06 19:31:05.791000
C:\Users\cmtech\Documents\PythonScripts\Patient_0\imgs\529.png,2019-03-06 19:31:05.791000
C:\Users\cmtech\Documents\PythonScripts\Patient_0\imgs\530.png,2019-03-06 19:31:05.806000
C:\Users\cmtech\Documents\PythonScripts\Patient_0\imgs\531.png,2019-03-06 19:31:05.823000
C:\Users\cmtech\Documents\PythonScripts\Patient_0\imgs\532.png,2019-03-06 19:31:05.823000
C:\Users\cmtech\Documents\PythonScripts\Patient_0\imgs\533.png,2019-03-06 19:31:05.839000
C:\Users\cmtech\Documents\PythonScripts\Patient_0\imgs\534.png,2019-03-06 19:31:05.839000
C:\Users\cmtech\Documents\PythonScripts\Patient_0\imgs\535.png,2019-03-06 19:31:05.854000
C:\Users\cmtech\Documents\PythonScripts\Patient_0\imgs\536.png,2019-03-06 19:31:05.854000
C:\Users\cmtech\Documents\PythonScripts\Patient_0\imgs\537.png,2019-03-06 19:31:05.863000
C:\Users\cmtech\Documents\PythonScripts\Patient_0\imgs\538.png,2019-03-06 19:31:05.871000
C:\Users\cmtech\Documents\PythonScripts\Patient_0\imgs\539.png,2019-03-06 19:31:05.880000
C:\Users\cmtech\Documents\PythonScripts\Patient_0\imgs\540.png,2019-03-06 19:31:05.887000
C:\Users\cmtech\Documents\PythonScripts\Patient_0\imgs\541.png,2019-03-06 19:31:05.896000
C:\Users\cmtech\Documents\PythonScripts\Patient_0\imgs\542.png,2019-03-06 19:31:05.903000
C:\Users\cmtech\Documents\PythonScripts\Patient_0\imgs\543.png,2019-03-06 19:31:05.912000
C:\Users\cmtech\Documents\PythonScripts\Patient_0\imgs\544.png,2019-03-06 19:31:05.919000
C:\Users\cmtech\Documents\PythonScripts\Patient_0\imgs\545.png,2019-03-06 19:31:05.928000
C:\Users\cmtech\Documents\PythonScripts\Patient_0\imgs\546.png,2019-03-06 19:31:05.936000
C:\Users\cmtech\Documents\PythonScripts\Patient_0\imgs\547.png,2019-03-06 19:31:05.936000
C:\Users\cmtech\Documents\PythonScripts\Patient_0\imgs\548.png,2019-03-06 19:31:05.951000
C:\Users\cmtech\Documents\PythonScripts\Patient_0\imgs\549.png,2019-03-06 19:31:05.958000
C:\Users\cmtech\Documents\PythonScripts\Patient_0\imgs\550.png,2019-03-06 19:31:05.958000
C:\Users\cmtech\Documents\PythonScripts\Patient_0\imgs\551.png,2019-03-06 19:31:05.975000
C:\Users\cmtech\Documents\PythonScripts\Patient_0\imgs\552.png,2019-03-06 19:31:05.975000
C:\Users\cmtech\Documents\PythonScripts\Patient_0\imgs\553.png,2019-03-06 19:31:05.991000
C:\Users\cmtech\Documents\PythonScripts\Patient_0\imgs\554.png,2019-03-06 19:31:05.991000
C:\Users\cmtech\Documents\PythonScripts\Patient_0\imgs\555.png,2019-03-06 19:31:06.007000
C:\Users\cmtech\Documents\PythonScripts\Patient_0\imgs\556.png,2019-03-06 19:31:06.015000
C:\Users\cmtech\Documents\PythonScripts\Patient_0\imgs\557.png,2019-03-06 19:31:06.015000
C:\Users\cmtech\Documents\PythonScripts\Patient_0\imgs\558.png,2019-03-06 19:31:06.032000
C:\Users\cmtech\Documents\PythonScripts\Patient_0\imgs\559.png,2019-03-06 19:31:06.039000
C:\Users\cmtech\Documents\PythonScripts\Patient_0\imgs\560.png,2019-03-06 19:31:06.047000
C:\Users\cmtech\Documents\PythonScripts\Patient_0\imgs\561.png,2019-03-06 19:31:06.047000
C:\Users\cmtech\Documents\PythonScripts\Patient_0\imgs\562.png,2019-03-06 19:31:06.056000
C:\Users\cmtech\Documents\PythonScripts\Patient_0\imgs\563.png,2019-03-06 19:31:06.072000
C:\Users\cmtech\Documents\PythonScripts\Patient_0\imgs\564.png,2019-03-06 19:31:06.079000
C:\Users\cmtech\Documents\PythonScripts\Patient_0\imgs\565.png,2019-03-06 19:31:06.087000
C:\Users\cmtech\Documents\PythonScripts\Patient_0\imgs\566.png,2019-03-06 19:31:06.087000
C:\Users\cmtech\Documents\PythonScripts\Patient_0\imgs\567.png,2019-03-06 19:31:06.096000
C:\Users\cmtech\Documents\PythonScripts\Patient_0\imgs\568.png,2019-03-06 19:31:06.105000
C:\Users\cmtech\Documents\PythonScripts\Patient_0\imgs\569.png,2019-03-06 19:31:06.119000
C:\Users\cmtech\Documents\PythonScripts\Patient_0\imgs\570.png,2019-03-06 19:31:06.119000
C:\Users\cmtech\Documents\PythonScripts\Patient_0\imgs\571.png,2019-03-06 19:31:06.136000
C:\Users\cmtech\Documents\PythonScripts\Patient_0\imgs\572.png,2019-03-06 19:31:06.136000
C:\Users\cmtech\Documents\PythonScripts\Patient_0\imgs\573.png,2019-03-06 19:31:06.145000
C:\Users\cmtech\Documents\PythonScripts\Patient_0\imgs\574.png,2019-03-06 19:31:06.152000
C:\Users\cmtech\Documents\PythonScripts\Patient_0\imgs\575.png,2019-03-06 19:31:06.161000
C:\Users\cmtech\Documents\PythonScripts\Patient_0\imgs\576.png,2019-03-06 19:31:06.168000
C:\Users\cmtech\Documents\PythonScripts\Patient_0\imgs\577.png,2019-03-06 19:31:06.177000
C:\Users\cmtech\Documents\PythonScripts\Patient_0\imgs\578.png,2019-03-06 19:31:06.192000
C:\Users\cmtech\Documents\PythonScripts\Patient_0\imgs\579.png,2019-03-06 19:31:06.192000
C:\Users\cmtech\Documents\PythonScripts\Patient_0\imgs\580.png,2019-03-06 19:31:06.202000
C:\Users\cmtech\Documents\PythonScripts\Patient_0\imgs\581.png,2019-03-06 19:31:06.210000
C:\Users\cmtech\Documents\PythonScripts\Patient_0\imgs\582.png,2019-03-06 19:31:06.217000
C:\Users\cmtech\Documents\PythonScripts\Patient_0\imgs\583.png,2019-03-06 19:31:06.233000
C:\Users\cmtech\Documents\PythonScripts\Patient_0\imgs\584.png,2019-03-06 19:31:06.233000
C:\Users\cmtech\Documents\PythonScripts\Patient_0\imgs\585.png,2019-03-06 19:31:06.249000
C:\Users\cmtech\Documents\PythonScripts\Patient_0\imgs\586.png,2019-03-06 19:31:06.258000
C:\Users\cmtech\Documents\PythonScripts\Patient_0\imgs\587.png,2019-03-06 19:31:06.258000
C:\Users\cmtech\Documents\PythonScripts\Patient_0\imgs\588.png,2019-03-06 19:31:06.266000
C:\Users\cmtech\Documents\PythonScripts\Patient_0\imgs\589.png,2019-03-06 19:31:06.275000
C:\Users\cmtech\Documents\PythonScripts\Patient_0\imgs\590.png,2019-03-06 19:31:06.290000
C:\Users\cmtech\Documents\PythonScripts\Patient_0\imgs\591.png,2019-03-06 19:31:06.290000
C:\Users\cmtech\Documents\PythonScripts\Patient_0\imgs\592.png,2019-03-06 19:31:06.306000
C:\Users\cmtech\Documents\PythonScripts\Patient_0\imgs\593.png,2019-03-06 19:31:06.314000
C:\Users\cmtech\Documents\PythonScripts\Patient_0\imgs\594.png,2019-03-06 19:31:06.323000
C:\Users\cmtech\Documents\PythonScripts\Patient_0\imgs\595.png,2019-03-06 19:31:06.323000
C:\Users\cmtech\Documents\PythonScripts\Patient_0\imgs\596.png,2019-03-06 19:31:06.338000
C:\Users\cmtech\Documents\PythonScripts\Patient_0\imgs\597.png,2019-03-06 19:31:06.338000
C:\Users\cmtech\Documents\PythonScripts\Patient_0\imgs\598.png,2019-03-06 19:31:06.361000
C:\Users\cmtech\Documents\PythonScripts\Patient_0\imgs\599.png,2019-03-06 19:31:06.369000
C:\Users\cmtech\Documents\PythonScripts\Patient_0\imgs\600.png,2019-03-06 19:31:06.369000
C:\Users\cmtech\Documents\PythonScripts\Patient_0\imgs\601.png,2019-03-06 19:31:06.378000
C:\Users\cmtech\Documents\PythonScripts\Patient_0\imgs\602.png,2019-03-06 19:31:06.386000
C:\Users\cmtech\Documents\PythonScripts\Patient_0\imgs\603.png,2019-03-06 19:31:06.386000
C:\Users\cmtech\Documents\PythonScripts\Patient_0\imgs\604.png,2019-03-06 19:31:06.394000
C:\Users\cmtech\Documents\PythonScripts\Patient_0\imgs\605.png,2019-03-06 19:31:06.410000
C:\Users\cmtech\Documents\PythonScripts\Patient_0\imgs\606.png,2019-03-06 19:31:06.417000
C:\Users\cmtech\Documents\PythonScripts\Patient_0\imgs\607.png,2019-03-06 19:31:06.417000
C:\Users\cmtech\Documents\PythonScripts\Patient_0\imgs\608.png,2019-03-06 19:31:06.434000
C:\Users\cmtech\Documents\PythonScripts\Patient_0\imgs\609.png,2019-03-06 19:31:06.442000
C:\Users\cmtech\Documents\PythonScripts\Patient_0\imgs\610.png,2019-03-06 19:31:06.449000
C:\Users\cmtech\Documents\PythonScripts\Patient_0\imgs\611.png,2019-03-06 19:31:06.449000
C:\Users\cmtech\Documents\PythonScripts\Patient_0\imgs\612.png,2019-03-06 19:31:06.460000
C:\Users\cmtech\Documents\PythonScripts\Patient_0\imgs\613.png,2019-03-06 19:31:06.475000
C:\Users\cmtech\Documents\PythonScripts\Patient_0\imgs\614.png,2019-03-06 19:31:06.475000
C:\Users\cmtech\Documents\PythonScripts\Patient_0\imgs\615.png,2019-03-06 19:31:06.491000
C:\Users\cmtech\Documents\PythonScripts\Patient_0\imgs\616.png,2019-03-06 19:31:06.491000
C:\Users\cmtech\Documents\PythonScripts\Patient_0\imgs\617.png,2019-03-06 19:31:06.499000
C:\Users\cmtech\Documents\PythonScripts\Patient_0\imgs\618.png,2019-03-06 19:31:06.507000
C:\Users\cmtech\Documents\PythonScripts\Patient_0\imgs\619.png,2019-03-06 19:31:06.523000
C:\Users\cmtech\Documents\PythonScripts\Patient_0\imgs\620.png,2019-03-06 19:31:06.531000
C:\Users\cmtech\Documents\PythonScripts\Patient_0\imgs\621.png,2019-03-06 19:31:06.539000
C:\Users\cmtech\Documents\PythonScripts\Patient_0\imgs\622.png,2019-03-06 19:31:06.539000
C:\Users\cmtech\Documents\PythonScripts\Patient_0\imgs\623.png,2019-03-06 19:31:06.555000
C:\Users\cmtech\Documents\PythonScripts\Patient_0\imgs\624.png,2019-03-06 19:31:06.555000
C:\Users\cmtech\Documents\PythonScripts\Patient_0\imgs\625.png,2019-03-06 19:31:06.571000
C:\Users\cmtech\Documents\PythonScripts\Patient_0\imgs\626.png,2019-03-06 19:31:06.579000
C:\Users\cmtech\Documents\PythonScripts\Patient_0\imgs\627.png,2019-03-06 19:31:06.579000
C:\Users\cmtech\Documents\PythonScripts\Patient_0\imgs\628.png,2019-03-06 19:31:06.587000
C:\Users\cmtech\Documents\PythonScripts\Patient_0\imgs\629.png,2019-03-06 19:31:06.596000
C:\Users\cmtech\Documents\PythonScripts\Patient_0\imgs\630.png,2019-03-06 19:31:06.604000
C:\Users\cmtech\Documents\PythonScripts\Patient_0\imgs\631.png,2019-03-06 19:31:06.612000
C:\Users\cmtech\Documents\PythonScripts\Patient_0\imgs\632.png,2019-03-06 19:31:06.620000
C:\Users\cmtech\Documents\PythonScripts\Patient_0\imgs\633.png,2019-03-06 19:31:06.629000
C:\Users\cmtech\Documents\PythonScripts\Patient_0\imgs\634.png,2019-03-06 19:31:06.636000
C:\Users\cmtech\Documents\PythonScripts\Patient_0\imgs\635.png,2019-03-06 19:31:06.651000
C:\Users\cmtech\Documents\PythonScripts\Patient_0\imgs\636.png,2019-03-06 19:31:06.651000
C:\Users\cmtech\Documents\PythonScripts\Patient_0\imgs\637.png,2019-03-06 19:31:06.661000
C:\Users\cmtech\Documents\PythonScripts\Patient_0\imgs\638.png,2019-03-06 19:31:06.668000
C:\Users\cmtech\Documents\PythonScripts\Patient_0\imgs\639.png,2019-03-06 19:31:06.677000
C:\Users\cmtech\Documents\PythonScripts\Patient_0\imgs\640.png,2019-03-06 19:31:06.692000
C:\Users\cmtech\Documents\PythonScripts\Patient_0\imgs\641.png,2019-03-06 19:31:06.692000
C:\Users\cmtech\Documents\PythonScripts\Patient_0\imgs\642.png,2019-03-06 19:31:06.699000
C:\Users\cmtech\Documents\PythonScripts\Patient_0\imgs\643.png,2019-03-06 19:31:06.708000
C:\Users\cmtech\Documents\PythonScripts\Patient_0\imgs\644.png,2019-03-06 19:31:06.715000
C:\Users\cmtech\Documents\PythonScripts\Patient_0\imgs\645.png,2019-03-06 19:31:06.725000
